Input_Sequence,Next_Word
period traditional of of history. Western division middle Grammar the,is
period of marks the traditional Medieval Era middle phenomena. the,division
1945. global from lasted conflict that 1939 to was a,Literature
Western history. Grammar is the set of structural rules that,govern
"science that studies matter, its motion, and behavior through space",and
study properties and behavior the Biology the matter. is of,of
"Biology organisms, many divided study living of is the into",specialized
"govern composition the clauses, phrases, of are and words. Essays",short
"organisms, divided into many specialized fields. Astronomy is the scientific",study
"emotions. Geometry involves the study of shapes, sizes, and properties",of
"govern the composition of clauses, phrases, and words. Essays are",short
division of Western history. Grammar is the set of structural,rules
"of and space. Chemistry the shapes, of properties is sizes,",scientific
Medieval Era marks the middle period of the traditional division,of
that studies continuous change. Physics is the natural science that,studies
works that and emotions. thoughts human Geometry reflect of written,involves
short pieces of writing that express the author's point of,view.
lasted to from 1939 is 1945. a Literature body that,of
Chemistry is the scientific study of the properties and behavior,of
"govern words. and phrases, that of Essays clauses, the composition",are
and behavior through space and time. World War II was,a
to a from 1945. 1939 Literature of body lasted is,written
"natural science that studies matter, its motion, and behavior through",space
"many organisms, specialized Astronomy divided fields. is living into of",the
"the shapes, of sizes, involves and Geometry thoughts emotions. study",and
matter. of the properties study behavior and of the scientific,Biology
through War space behavior a II World was and time.,global
and time. World War II was a global conflict that,lasted
Essays are short pieces of writing that express the author's,point
"the study of living organisms, divided into many specialized fields.",Astronomy
"phrases, and words. Essays are short pieces of writing that",express
Grammar structural that is rules of Western the set history.,govern
"of living organisms, divided into many specialized fields. Astronomy is",the
"the of govern of composition phrases, structural that clauses, rules",and
II that time. lasted was global a conflict War World,from
"space matter, and and its time. behavior through motion, studies",World
"set of structural rules that govern the composition of clauses,","phrases,"
"clauses, phrases, and words. Essays are short pieces of writing",that
continuous that Physics change. studies mathematics natural the is science,that
involves thoughts Geometry emotions. human and the of reflect study,"shapes,"
through space and time. World War II was a global,conflict
"rules that govern the composition of clauses, phrases, and words.",Essays
a global from 1945. to Literature conflict lasted 1939 that,is
"of structural rules that govern the composition of clauses, phrases,",and
written works that reflect human thoughts and emotions. Geometry involves,the
space. study scientific the the of Chemistry of is properties,and
"the of that and govern structural phrases, rules composition clauses,",words.
and of scientific of behavior the matter. Biology study properties,is
"natural studies behavior that motion, science and its through matter,",space
are short pieces of writing that express the author's point,of
"short writing are words. pieces phrases, of and Essays clauses,",that
behavior through space and time. World War II was a,global
is the behavior the scientific and of properties study of,matter.
"and words. of pieces Essays are composition short clauses, phrases,",of
branch of mathematics that studies continuous change. Physics is the,natural
into fields. divided is the scientific many study Astronomy specialized,of
marks period middle celestial and Era phenomena. the objects Medieval,of
is a body of written works that reflect human thoughts,and
"of divided many is the specialized organisms, study living into",fields.
scientific study of celestial objects and phenomena. Medieval Era marks,the
"phrases, that short are of and writing Essays words. pieces",express
traditional division of Western history. Grammar is the set of,structural
"that studies matter, its motion, and behavior through space and",time.
"composition of clauses, phrases, and words. Essays are short pieces",of
mathematics change. of continuous Physics studies that branch a is,is
body of written works that reflect human thoughts and emotions.,Geometry
"the study of shapes, sizes, and properties of space. Chemistry",is
of space. Chemistry is the scientific study of the properties,and
"that govern the composition of clauses, phrases, and words. Essays",are
history. Grammar is the set of structural rules that govern,the
"involves of Geometry properties and sizes, study shapes, of the",space.
to lasted global 1939 from Literature is that conflict 1945.,a
"specialized Astronomy into many divided organisms, is scientific the fields.",study
of celestial is objects and the fields. study scientific Astronomy,phenomena.
the scientific study of celestial objects and phenomena. Medieval Era,marks
that human thoughts reflect Geometry works emotions. involves written and,the
to 1945. Literature is a body of written works that,reflect
into many specialized fields. Astronomy is the scientific study of,celestial
"thoughts and emotions. Geometry involves the study of shapes, sizes,",and
marks the middle period of the traditional division of Western,history.
"matter. Biology organisms, of is the study of behavior living",divided
is the scientific study of celestial objects and phenomena. Medieval,Era
and behavior of matter. Biology is the study of living,"organisms,"
Western of traditional Grammar of the history. division period is,the
1945. Literature is a body of written works that reflect,human
"the its matter, motion, studies science Physics natural that is",and
the Astronomy and scientific of celestial phenomena. study objects is,Medieval
"of study Biology the is divided of living matter. organisms,",into
mathematics studies Physics the continuous change. is that of natural,science
space. properties Chemistry of and scientific is the study the,behavior
"study of living organisms, divided into many specialized fields. Astronomy",is
War II was a global conflict that lasted from 1939,to
the set of structural rules that govern the composition of,"clauses,"
the Western traditional of middle of marks division period the,history.
"change. Physics is the natural science that studies matter, its","motion,"
was a global conflict that lasted from 1939 to 1945.,Literature
that was lasted II from War a global World conflict,1939
works that reflect human thoughts and emotions. Geometry involves the,study
written human and body emotions. thoughts reflect of that works,Geometry
many is fields. the of into scientific study Astronomy specialized,celestial
Grammar is the set of structural rules that govern the,composition
studies continuous change. Physics is the natural science that studies,"matter,"
space and time. World War II was a global conflict,that
that reflect human thoughts and emotions. Geometry involves the study,of
"involves space. the of of properties sizes, shapes, and study",Chemistry
II was a global conflict that lasted from 1939 to,1945.
"studies matter, its motion, and behavior through space and time.",World
the Astronomy scientific specialized study of fields. is many celestial,objects
Chemistry properties scientific of the is the space. study of,properties
"and emotions. Geometry involves the study of shapes, sizes, and",properties
"living is specialized Astronomy divided into fields. organisms, the many",scientific
"through World War its time. and space motion, and behavior",II
mathematics that studies continuous change. Physics is the natural science,that
division the the is set Grammar traditional history. of Western,of
continuous is that a branch Physics of studies mathematics change.,the
through was global time. World space and War a II,conflict
study of the of Biology behavior and is properties matter.,the
II time. and was World conflict War a that global,lasted
"behavior of matter. Biology is the study of living organisms,",divided
the traditional division of Western history. Grammar is the set,of
a body of written works that reflect human thoughts and,emotions.
"Biology is the study of living organisms, divided into many",specialized
"involves the study of shapes, sizes, and properties of space.",Chemistry
"the natural science that studies matter, its motion, and behavior",through
marks study Era objects phenomena. the Medieval celestial and of,middle
1939 1945. Literature written of to is works a body,that
"the and of involves shapes, study emotions. and sizes, Geometry",properties
"sizes, and properties of space. Chemistry is the scientific study",of
is a branch of mathematics that studies continuous change. Physics,is
period the the Medieval and phenomena. Era marks middle of,traditional
divided into many specialized fields. Astronomy is the scientific study,of
properties of space. Chemistry is the scientific study of the,properties
"its through and behavior and motion, space matter, that studies",time.
fields. Astronomy is the scientific study of celestial objects and,phenomena.
1939 conflict was that global a to II lasted from,1945.
objects fields. Astronomy of study celestial scientific is the specialized,and
that of pieces writing the of short express author's point,view.
is matter. and of properties of behavior the the Biology,study
marks of the period Medieval the traditional middle division Era,of
global conflict that lasted from 1939 to 1945. Literature is,a
scientific study of the properties and behavior of matter. Biology,is
a global conflict that lasted from 1939 to 1945. Literature,is
the scientific study of the properties and behavior of matter.,Biology
"study of shapes, sizes, and properties of space. Chemistry is",the
"living organisms, divided into many specialized fields. Astronomy is the",scientific
of celestial objects and phenomena. Medieval Era marks the middle,period
is the scientific study of the properties and behavior of,matter.
"and natural studies that its motion, the matter, behavior science",through
celestial objects and phenomena. Medieval Era marks the middle period,of
specialized fields. Astronomy is the scientific study of celestial objects,and
"is the natural science that studies matter, its motion, and",behavior
human of reflect body Literature that is written works a,thoughts
War conflict global was space II a time. World and,that
rules history. set is of Grammar structural the that govern,the
"words. are of phrases, of short Essays and pieces clauses,",writing
conflict that lasted from 1939 to 1945. Literature is a,body
of Western history. Grammar is the set of structural rules,that
middle the of of traditional the period Western history. division,Grammar
the govern is of that structural the composition set rules,of
study objects the is and scientific celestial of phenomena. Medieval,Era
"are short and phrases, words. Essays the of composition clauses,",pieces
"matter, its motion, and behavior through space and time. World",War
phenomena. Medieval Era marks the middle period of the traditional,division
is division history. structural the set Western Grammar of of,rules
that set govern of the composition of the structural rules,"clauses,"
of matter. the and study is Biology properties of behavior,living
"of is and scientific the properties space. study Chemistry sizes,",of
"of govern set composition clauses, of the rules that structural","phrases,"
and phenomena. Medieval Era marks the middle period of the,traditional
is history. Grammar rules of set Western the structural of,that
is Grammar govern set structural the the of rules that,composition
"matter. Biology is the study of living organisms, divided into",many
the middle period of the traditional division of Western history.,Grammar
"shapes, involves emotions. and thoughts study Geometry of the human","sizes,"
"continuous change. Physics is the natural science that studies matter,",its
of is Grammar the set of traditional history. division Western,structural
scientific of and study of the properties is space. Chemistry,the
"continuous the matter, science Physics that studies change. natural is",its
of phenomena. marks middle celestial objects Medieval Era and the,period
"Geometry involves the study of shapes, sizes, and properties of",space.
the of pieces writing short words. Essays express that are,author's
"sizes, is space. the scientific and Chemistry properties shapes, of",study
express of that writing the are pieces short point author's,of
of mathematics that studies continuous change. Physics is the natural,science
continuous change. Physics studies studies is natural science that the,"matter,"
human Geometry that works involves emotions. the and thoughts reflect,study
"its space through science motion, and behavior matter, studies that",and
"structural rules that govern the composition of clauses, phrases, and",words.
World War II was a global conflict that lasted from,1939
Medieval and study Era phenomena. scientific marks of objects celestial,the
of the traditional division of Western history. Grammar is the,set
properties and behavior of matter. Biology is the study of,living
Astronomy is the scientific study of celestial objects and phenomena.,Medieval
continuous that change. science is the that studies Physics natural,studies
of the properties and behavior of matter. Biology is the,study
time. World War II was a global conflict that lasted,from
"studies natural that is its Physics change. the matter, science","motion,"
lasted that 1939 II global conflict was a War from,to
study behavior and is properties scientific the Chemistry of the,of
"Physics is the natural science that studies matter, its motion,",and
words. Essays are short pieces of writing that express the,author's
from 1939 to 1945. Literature is a body of written,works
the and objects Medieval middle period phenomena. of marks Era,the
of written works that reflect human thoughts and emotions. Geometry,involves
1939 to 1945. Literature is a body of written works,that
"the composition of clauses, phrases, and words. Essays are short",pieces
written Literature body 1945. is that a works of reflect,human
is the set of structural rules that govern the composition,of
"II time. War through behavior and motion, and space World",was
Essays are of writing and that short express words. pieces,the
that lasted from 1939 to 1945. Literature is a body,of
"its motion, and behavior through space and time. World War",II
"Biology into of the is divided living study matter. organisms,",many
the properties and behavior of matter. Biology is the study,of
the that emotions. human and Geometry reflect study involves thoughts,of
branch of mathematics a studies that continuous change. is Calculus,Physics
lasted from 1939 to 1945. Literature is a body of,written
"natural science and the that is studies its matter, motion,",behavior
and properties of space. Chemistry is the scientific study of,the
is of the that Physics change. studies branch continuous mathematics,natural
"human thoughts and emotions. Geometry involves the study of shapes,","sizes,"
1939 is from a conflict lasted that Literature to 1945.,body
of written 1939 is Literature body 1945. a from to,works
"properties space. of Chemistry shapes, and sizes, the of study",is
"is the study of living organisms, divided into many specialized",fields.
that body of works a is 1945. Literature written to,reflect
Calculus is a branch of mathematics that studies continuous change.,Physics
"and is sizes, study shapes, space. properties of Chemistry of",the
study of celestial objects and phenomena. Medieval Era marks the,middle
"of matter. Biology is the study of living organisms, divided",into
reflect human thoughts and emotions. Geometry involves the study of,"shapes,"
"many living study specialized of divided into Astronomy organisms, fields.",is
many specialized fields. Astronomy is the scientific study of celestial,objects
of the is division the history. Western Grammar of traditional,set
Era marks the middle period of the traditional division of,Western
"composition and the govern clauses, of words. phrases, that rules",Essays
body human a reflect works of that and thoughts written,emotions.
and words. Essays are short pieces of writing that express,the
period of the traditional division of Western history. Grammar is,the
phenomena. Era objects scientific study the Medieval of and celestial,marks
objects and phenomena. Medieval Era marks the middle period of,the
"motion, through behavior and World space and time. matter, its",War
middle period of the traditional division of Western history. Grammar,is
"shapes, sizes, and properties of space. Chemistry is the scientific",study
"of clauses, phrases, and words. Essays are short pieces of",writing
study of the properties and behavior of matter. Biology is,the
period of middle of Era division marks the the traditional,Western
space. Chemistry is the scientific study of the properties and,behavior
pieces short Essays are writing of the author's that express,point
human reflect is body works of written thoughts that a,and
a branch of mathematics that studies continuous change. Physics is,the
of is matter. Biology behavior of and living study the,"organisms,"
"of shapes, sizes, and properties of space. Chemistry is the",scientific
"motion, and behavior through space and time. World War II",was
Literature is a body of written works that reflect human,thoughts
"organisms, many study of living divided into the specialized fields.",Astronomy
through and was and World space time. behavior War II,a
"emotions. involves of shapes, Geometry and properties study sizes, the",of
